{"cameraMode":{"drawMode":0,"name":"Shaded","section":"Shading Mode"},"sceneLighting":false,"audioPlay":false,"sceneViewState":{"m_AlwaysRefresh":false,"showFog":true,"showSkybox":false,"showFlares":true,"showImageEffects":true,"showParticleSystems":true,"showVisualEffectGraphs":true,"m_FxEnabled":true},"in2DMode":false,"pivot":{"x":1.8853323459625245,"y":3.917144536972046,"z":-1.289512038230896},"rotation":{"x":-0.446593314409256,"y":0.4019666612148285,"z":-0.2349664717912674,"w":-0.7641602754592896},"size":0.000017320508050033823,"orthographic":false}