{"cameraMode":{"drawMode":0,"name":"Shaded","section":"Shading Mode"},"sceneLighting":false,"audioPlay":false,"sceneViewState":{"m_AlwaysRefresh":false,"showFog":true,"showSkybox":false,"showFlares":true,"showImageEffects":true,"showParticleSystems":true,"showVisualEffectGraphs":true,"m_FxEnabled":true},"in2DMode":false,"pivot":{"x":4.0480546951293949,"y":2.4374947547912599,"z":-1.9984508752822877},"rotation":{"x":-0.1793854981660843,"y":0.4623505473136902,"z":-0.09607485681772232,"w":-0.8631309866905212},"size":0.000017320508050033823,"orthographic":false}