{"cameraMode":{"drawMode":0,"name":"Shaded","section":"Shading Mode"},"sceneLighting":false,"audioPlay":false,"sceneViewState":{"m_AlwaysRefresh":false,"showFog":true,"showSkybox":false,"showFlares":true,"showImageEffects":true,"showParticleSystems":true,"showVisualEffectGraphs":true,"m_FxEnabled":true},"in2DMode":false,"pivot":{"x":0.22140614688396455,"y":2.307509183883667,"z":-4.7343058586120609},"rotation":{"x":-0.16514937579631806,"y":0.011612276546657086,"z":-0.0019145080586895347,"w":-0.986283004283905},"size":0.000017320508050033823,"orthographic":false}