{"cameraMode":{"drawMode":0,"name":"Shaded","section":"Shading Mode"},"sceneLighting":false,"audioPlay":false,"sceneViewState":{"m_AlwaysRefresh":false,"showFog":true,"showSkybox":false,"showFlares":true,"showImageEffects":true,"showParticleSystems":true,"showVisualEffectGraphs":true,"m_FxEnabled":true},"in2DMode":false,"pivot":{"x":-0.8894836902618408,"y":0.14499999582767487,"z":-0.5534034967422485},"rotation":{"x":-0.1323952078819275,"y":0.044366445392370227,"z":-0.005900765769183636,"w":-0.9902706742286682},"size":1.0575884580612183,"orthographic":false}