{"cameraMode":{"drawMode":0,"name":"Shaded","section":"Shading Mode"},"sceneLighting":false,"audioPlay":false,"sceneViewState":{"m_AlwaysRefresh":false,"showFog":true,"showSkybox":false,"showFlares":true,"showImageEffects":true,"showParticleSystems":true,"showVisualEffectGraphs":true,"m_FxEnabled":true},"in2DMode":false,"pivot":{"x":0.21809092164039613,"y":1.276788592338562,"z":-4.08024263381958},"rotation":{"x":-0.15471196174621583,"y":0.028754575178027154,"z":-0.004494392778724432,"w":-0.9875470399856567},"size":0.000017320508050033823,"orthographic":false}