{"cameraMode":{"drawMode":0,"name":"Shaded","section":"Shading Mode"},"sceneLighting":false,"audioPlay":false,"sceneViewState":{"m_AlwaysRefresh":false,"showFog":true,"showSkybox":false,"showFlares":true,"showImageEffects":true,"showParticleSystems":true,"showVisualEffectGraphs":true,"m_FxEnabled":true},"in2DMode":false,"pivot":{"x":0.6544337868690491,"y":2.9372403621673586,"z":-2.034407377243042},"rotation":{"x":-0.362664133310318,"y":0.03752504289150238,"z":-0.014588174410164357,"w":-0.9311413168907166},"size":0.0002826794807333499,"orthographic":false}