{"cameraMode":{"drawMode":0,"name":"Shaded","section":"Shading Mode"},"sceneLighting":false,"audioPlay":false,"sceneViewState":{"m_AlwaysRefresh":false,"showFog":false,"showSkybox":false,"showFlares":false,"showImageEffects":false,"showParticleSystems":false,"showVisualEffectGraphs":true,"m_FxEnabled":true},"in2DMode":false,"pivot":{"x":-0.0006785392761230469,"y":1.6577043533325196,"z":0.20771190524101258},"rotation":{"x":-0.31948617100715639,"y":0.11955112218856812,"z":-0.04064749553799629,"w":-0.9391615390777588},"size":3.007596731185913,"orthographic":false}