{"cameraMode":{"drawMode":0,"name":"Shaded","section":"Shading Mode"},"sceneLighting":false,"audioPlay":false,"sceneViewState":{"m_AlwaysRefresh":false,"showFog":true,"showSkybox":false,"showFlares":true,"showImageEffects":true,"showParticleSystems":true,"showVisualEffectGraphs":true,"m_FxEnabled":true},"in2DMode":false,"pivot":{"x":-1.7328495979309083,"y":2.6887214183807375,"z":-4.3653106689453129},"rotation":{"x":-0.2743374705314636,"y":-0.17780183255672456,"z":0.05172409862279892,"w":-0.9437246322631836},"size":0.00001732051168801263,"orthographic":false}