{"cameraMode":{"drawMode":0,"name":"Shaded","section":"Shading Mode"},"sceneLighting":false,"audioPlay":false,"sceneViewState":{"m_AlwaysRefresh":false,"showFog":true,"showSkybox":false,"showFlares":true,"showImageEffects":true,"showParticleSystems":true,"showVisualEffectGraphs":true,"m_FxEnabled":true},"in2DMode":false,"pivot":{"x":7.094325542449951,"y":6.911269187927246,"z":-2.484361410140991},"rotation":{"x":-0.33436742424964907,"y":0.44335904717445376,"z":-0.18270190060138703,"w":-0.8113483786582947},"size":0.000017320508050033823,"orthographic":false}