{"cameraMode":{"drawMode":0,"name":"Shaded","section":"Shading Mode"},"sceneLighting":true,"audioPlay":false,"sceneViewState":{"m_AlwaysRefresh":false,"showFog":true,"showSkybox":true,"showFlares":true,"showImageEffects":true,"showParticleSystems":true,"showVisualEffectGraphs":true,"m_FxEnabled":true},"in2DMode":false,"pivot":{"x":-0.058824170380830768,"y":1.9164236783981324,"z":0.04287004470825195},"rotation":{"x":0.02099858969449997,"y":-0.0014997223624959589,"z":0.00003146590097458102,"w":0.9997767806053162},"size":3.1241278648376467,"orthographic":false}