{"cameraMode":{"drawMode":0,"name":"Shaded","section":"Shading Mode"},"sceneLighting":false,"audioPlay":false,"sceneViewState":{"m_AlwaysRefresh":false,"showFog":true,"showSkybox":false,"showFlares":true,"showImageEffects":true,"showParticleSystems":true,"showVisualEffectGraphs":true,"m_FxEnabled":true},"in2DMode":false,"pivot":{"x":-1.4797964096069337,"y":0.9669414758682251,"z":-0.003923773765563965},"rotation":{"x":-0.31948617100715639,"y":0.11955112218856812,"z":-0.04064749553799629,"w":-0.9391615390777588},"size":1.6583603620529175,"orthographic":false}