{"cameraMode":{"drawMode":0,"name":"Shaded","section":"Shading Mode"},"sceneLighting":false,"audioPlay":false,"sceneViewState":{"m_AlwaysRefresh":false,"showFog":true,"showSkybox":false,"showFlares":true,"showImageEffects":true,"showParticleSystems":true,"showVisualEffectGraphs":true,"m_FxEnabled":true},"in2DMode":false,"pivot":{"x":0.5374435186386108,"y":3.4029879570007326,"z":-3.7318310737609865},"rotation":{"x":-0.2817505896091461,"y":0.044386036694049838,"z":-0.013017923571169377,"w":-0.9584595561027527},"size":0.000017320508050033823,"orthographic":false}