{"cameraMode":{"drawMode":0,"name":"Shaded","section":"Shading Mode"},"sceneLighting":false,"audioPlay":false,"sceneViewState":{"m_AlwaysRefresh":false,"showFog":true,"showSkybox":false,"showFlares":true,"showImageEffects":true,"showParticleSystems":true,"showVisualEffectGraphs":true,"m_FxEnabled":true},"in2DMode":false,"pivot":{"x":3.683178663253784,"y":5.481070041656494,"z":-2.996964454650879},"rotation":{"x":-0.37520769238471987,"y":0.39057251811027529,"z":-0.1783948689699173,"w":-0.8215972185134888},"size":0.000017320508050033823,"orthographic":false}