{"cameraMode":{"drawMode":0,"name":"Shaded","section":"Shading Mode"},"sceneLighting":false,"audioPlay":false,"sceneViewState":{"m_AlwaysRefresh":false,"showFog":true,"showSkybox":false,"showFlares":true,"showImageEffects":true,"showParticleSystems":true,"showVisualEffectGraphs":true,"m_FxEnabled":true},"in2DMode":false,"pivot":{"x":-0.5370000004768372,"y":0.8364952802658081,"z":-0.048777639865875247},"rotation":{"x":0.002999028190970421,"y":-0.00839798804372549,"z":0.000025730671040946618,"w":0.9999635815620422},"size":0.8006273508071899,"orthographic":false}