{"cameraMode":{"drawMode":0,"name":"Shaded","section":"Shading Mode"},"sceneLighting":false,"audioPlay":false,"sceneViewState":{"m_AlwaysRefresh":false,"showFog":true,"showSkybox":false,"showFlares":true,"showImageEffects":true,"showParticleSystems":true,"showVisualEffectGraphs":true,"m_FxEnabled":true},"in2DMode":false,"pivot":{"x":0.8981052041053772,"y":3.002192258834839,"z":-10.851253509521485},"rotation":{"x":-0.18257810175418855,"y":0.05726347118616104,"z":-0.010621480643749237,"w":-0.9815493822097778},"size":0.000017320508050033823,"orthographic":false}