{"cameraMode":{"drawMode":0,"name":"Shaded","section":"Shading Mode"},"sceneLighting":false,"audioPlay":false,"sceneViewState":{"m_AlwaysRefresh":false,"showFog":true,"showSkybox":false,"showFlares":true,"showImageEffects":true,"showParticleSystems":true,"showVisualEffectGraphs":true,"m_FxEnabled":true},"in2DMode":false,"pivot":{"x":0.0680466890335083,"y":-1.1848301887512208,"z":9.553393363952637},"rotation":{"x":-0.11012783646583557,"y":0.03405921161174774,"z":-0.003744908608496189,"w":-0.9934104084968567},"size":7.378536224365234,"orthographic":false}