{"cameraMode":{"drawMode":0,"name":"Shaded","section":"Shading Mode"},"sceneLighting":false,"audioPlay":false,"sceneViewState":{"m_AlwaysRefresh":false,"showFog":true,"showSkybox":false,"showFlares":true,"showImageEffects":true,"showParticleSystems":true,"showVisualEffectGraphs":true,"m_FxEnabled":true},"in2DMode":false,"pivot":{"x":1.6931860446929932,"y":3.2985057830810549,"z":-1.4468538761138917},"rotation":{"x":-0.42618328332901,"y":0.3695705533027649,"z":-0.19640065729618073,"w":-0.8021138906478882},"size":0.000018416405509924516,"orthographic":false}