{"cameraMode":{"drawMode":0,"name":"Shaded","section":"Shading Mode"},"sceneLighting":false,"audioPlay":false,"sceneViewState":{"m_AlwaysRefresh":false,"showFog":true,"showSkybox":false,"showFlares":true,"showImageEffects":true,"showParticleSystems":true,"showVisualEffectGraphs":true,"m_FxEnabled":true},"in2DMode":false,"pivot":{"x":0.6121863722801209,"y":2.346060037612915,"z":-5.254489898681641},"rotation":{"x":-0.19608187675476075,"y":0.0247831828892231,"z":-0.004925180226564407,"w":-0.9803497195243836},"size":0.000017320508050033823,"orthographic":false}