{"cameraMode":{"drawMode":0,"name":"Shaded","section":"Shading Mode"},"sceneLighting":false,"audioPlay":false,"sceneViewState":{"m_AlwaysRefresh":false,"showFog":true,"showSkybox":false,"showFlares":true,"showImageEffects":true,"showParticleSystems":true,"showVisualEffectGraphs":true,"m_FxEnabled":true},"in2DMode":false,"pivot":{"x":-0.8417148590087891,"y":1.6549797058105469,"z":-2.9649393558502199},"rotation":{"x":-0.24337540566921235,"y":-0.13788489997386933,"z":0.035007260739803317,"w":-0.9595301747322083},"size":0.000017320508050033823,"orthographic":false}