{"cameraMode":{"drawMode":0,"name":"Shaded","section":"Shading Mode"},"sceneLighting":false,"audioPlay":false,"sceneViewState":{"m_AlwaysRefresh":false,"showFog":true,"showSkybox":false,"showFlares":true,"showImageEffects":true,"showParticleSystems":true,"showVisualEffectGraphs":true,"m_FxEnabled":true},"in2DMode":false,"pivot":{"x":1.088442325592041,"y":1.7839510440826417,"z":-0.8000727295875549},"rotation":{"x":0.2342432737350464,"y":0.06614706665277481,"z":-0.01597716100513935,"w":0.9697940349578857},"size":0.8509439826011658,"orthographic":false}