{"cameraMode":{"drawMode":0,"name":"Shaded","section":"Shading Mode"},"sceneLighting":false,"audioPlay":false,"sceneViewState":{"m_AlwaysRefresh":false,"showFog":true,"showSkybox":false,"showFlares":true,"showImageEffects":true,"showParticleSystems":true,"showVisualEffectGraphs":true,"m_FxEnabled":true},"in2DMode":false,"pivot":{"x":1.7023630142211915,"y":4.226123809814453,"z":-1.3404666185379029},"rotation":{"x":-0.47525754570961,"y":0.3693069815635681,"z":-0.22947891056537629,"w":-0.7650203704833984},"size":0.000017320508050033823,"orthographic":false}