{"cameraMode":{"drawMode":0,"name":"Shaded","section":"Shading Mode"},"sceneLighting":false,"audioPlay":false,"sceneViewState":{"m_AlwaysRefresh":false,"showFog":true,"showSkybox":false,"showFlares":true,"showImageEffects":true,"showParticleSystems":true,"showVisualEffectGraphs":true,"m_FxEnabled":true},"in2DMode":false,"pivot":{"x":-0.5520437359809876,"y":1.4271026849746705,"z":-1.3887934684753419},"rotation":{"x":-0.36550408601760867,"y":-0.21241672337055207,"z":0.08608049154281616,"w":-0.9022432565689087},"size":0.000017320508050033823,"orthographic":false}