{"cameraMode":{"drawMode":0,"name":"Shaded","section":"Shading Mode"},"sceneLighting":false,"audioPlay":false,"sceneViewState":{"m_AlwaysRefresh":false,"showFog":true,"showSkybox":false,"showFlares":true,"showImageEffects":true,"showParticleSystems":true,"showVisualEffectGraphs":true,"m_FxEnabled":true},"in2DMode":false,"pivot":{"x":0.24287724494934083,"y":0.15020060539245606,"z":-0.00487518310546875},"rotation":{"x":-0.2528230547904968,"y":-0.2086576670408249,"z":0.05596814677119255,"w":-0.9431732296943665},"size":2.090585708618164,"orthographic":false}