{"cameraMode":{"drawMode":0,"name":"Shaded","section":"Shading Mode"},"sceneLighting":false,"audioPlay":false,"sceneViewState":{"m_AlwaysRefresh":false,"showFog":true,"showSkybox":false,"showFlares":true,"showImageEffects":true,"showParticleSystems":true,"showVisualEffectGraphs":true,"m_FxEnabled":true},"in2DMode":false,"pivot":{"x":2.9966719150543215,"y":2.068866491317749,"z":-1.6172504425048829},"rotation":{"x":-0.15108172595500947,"y":0.5344065427780151,"z":-0.09773308783769608,"w":-0.8259587287902832},"size":0.000017320508050033823,"orthographic":false}