{"cameraMode":{"drawMode":0,"name":"Shaded","section":"Shading Mode"},"sceneLighting":false,"audioPlay":false,"sceneViewState":{"m_AlwaysRefresh":false,"showFog":true,"showSkybox":false,"showFlares":true,"showImageEffects":true,"showParticleSystems":true,"showVisualEffectGraphs":true,"m_FxEnabled":true},"in2DMode":false,"pivot":{"x":3.384084463119507,"y":3.2368767261505129,"z":-1.7025245428085328},"rotation":{"x":-0.29567915201187136,"y":0.4927639961242676,"z":-0.18262822926044465,"w":-0.7978590726852417},"size":0.0005173205281607807,"orthographic":false}