{"cameraMode":{"drawMode":0,"name":"Shaded","section":"Shading Mode"},"sceneLighting":false,"audioPlay":false,"sceneViewState":{"m_AlwaysRefresh":false,"showFog":true,"showSkybox":false,"showFlares":true,"showImageEffects":true,"showParticleSystems":true,"showVisualEffectGraphs":true,"m_FxEnabled":true},"in2DMode":false,"pivot":{"x":-0.8487541675567627,"y":1.0363608598709107,"z":-0.7505111694335938},"rotation":{"x":-0.13712891936302186,"y":0.3806713819503784,"z":-0.057158105075359347,"w":-0.9127613306045532},"size":0.47831591963768008,"orthographic":false}