{"cameraMode":{"drawMode":0,"name":"Shaded","section":"Shading Mode"},"sceneLighting":false,"audioPlay":false,"sceneViewState":{"m_AlwaysRefresh":false,"showFog":true,"showSkybox":false,"showFlares":true,"showImageEffects":true,"showParticleSystems":true,"showVisualEffectGraphs":true,"m_FxEnabled":true},"in2DMode":false,"pivot":{"x":-4.836575508117676,"y":1.950711727142334,"z":-4.9035749435424809},"rotation":{"x":-0.011203762143850327,"y":-0.18516001105308534,"z":0.0021457925904542209,"w":-0.9827322363853455},"size":0.000017320508050033823,"orthographic":false}