{"cameraMode":{"drawMode":0,"name":"Shaded","section":"Shading Mode"},"sceneLighting":false,"audioPlay":false,"sceneViewState":{"m_AlwaysRefresh":false,"showFog":true,"showSkybox":false,"showFlares":true,"showImageEffects":true,"showParticleSystems":true,"showVisualEffectGraphs":true,"m_FxEnabled":true},"in2DMode":false,"pivot":{"x":8.427813529968262,"y":1.2379965782165528,"z":-1.4310683012008668},"rotation":{"x":-0.09083835035562515,"y":0.6533377766609192,"z":-0.07936146855354309,"w":-0.7475117444992065},"size":0.002530571771785617,"orthographic":false}