{"cameraMode":{"drawMode":0,"name":"Shaded","section":"Shading Mode"},"sceneLighting":false,"audioPlay":false,"sceneViewState":{"m_AlwaysRefresh":false,"showFog":false,"showSkybox":false,"showFlares":false,"showImageEffects":false,"showParticleSystems":false,"showVisualEffectGraphs":true,"m_FxEnabled":true},"in2DMode":false,"pivot":{"x":0.0022391080856323244,"y":1.0608551502227784,"z":0.10454666614532471},"rotation":{"x":-0.31948617100715639,"y":0.11955112218856812,"z":-0.04064749553799629,"w":-0.9391615390777588},"size":0.8660253882408142,"orthographic":false}