{"cameraMode":{"drawMode":0,"name":"Shaded","section":"Shading Mode"},"sceneLighting":false,"audioPlay":false,"sceneViewState":{"m_AlwaysRefresh":false,"showFog":true,"showSkybox":false,"showFlares":true,"showImageEffects":true,"showParticleSystems":true,"showVisualEffectGraphs":true,"m_FxEnabled":true},"in2DMode":false,"pivot":{"x":2.3405587673187258,"y":6.093751907348633,"z":-5.059922695159912},"rotation":{"x":-0.39368703961372378,"y":0.19669023156166078,"z":-0.08662596344947815,"w":-0.8937861323356628},"size":0.000017320508050033823,"orthographic":false}