{"cameraMode":{"drawMode":0,"name":"Shaded","section":"Shading Mode"},"sceneLighting":false,"audioPlay":false,"sceneViewState":{"m_AlwaysRefresh":false,"showFog":true,"showSkybox":false,"showFlares":true,"showImageEffects":true,"showParticleSystems":true,"showVisualEffectGraphs":true,"m_FxEnabled":true},"in2DMode":false,"pivot":{"x":2.7507998943328859,"y":1.936169147491455,"z":-5.33667516708374},"rotation":{"x":-0.33792924880981448,"y":0.11516232788562775,"z":-0.04167300462722778,"w":-0.9332588315010071},"size":0.000017320508050033823,"orthographic":false}